impl,batch,ms_per_batch,images_per_s,top1_agreement_vs_pytorch
PyTorch FP32,1,2.3238786649994836,430.3150655243966,0.0
TRT FP32,1,2.0517866599993795,487.38010607803756,1.0
TRT FP16,1,0.4788973250003892,2088.130268840377,0.0
PyTorch FP32,8,5.209521559999075,1535.649657624494,0.0
TRT FP32,8,3.3827531199995065,2364.937586696001,1.0
TRT FP16,8,1.0244731300008425,7808.8919716161045,0.0
PyTorch FP32,32,17.592216960000542,1818.986206954954,0.0
TRT FP32,32,12.56292356500012,2547.177799373939,1.0
TRT FP16,32,3.8122536250000394,8393.9850670349,0.0
